term,df,SumOfSqs,R2,statistic,p.value
media,1,1.3253358021844532,0.020700510838630348,0.40788830291878964,0.5442455754424558
bacteria,2,7.277778850786268,0.11367212727034492,1.1199127268623832,0.3554644535546445
time,1,0.44532384947185477,0.006955543762945707,0.13705386130137706,0.7389261073892611
media:bacteria,2,0.17261241555700835,0.0026960451632187347,0.026561791029946914,0.9856014398560144
media:time,1,19.539664662122973,0.30519136316607665,6.01357078372079,0.0347965203479652
bacteria:time,1,1.9908985002526833,0.031095980290554184,0.612723363552969,0.4420557944205579
media:bacteria:time,1,0.7800740195202351,0.01218402963942959,0.24007732036568377,0.6385361463853615
Residual,10,32.49261605936091,0.5075043998687996,NA,NA
Total,19,64.0243041592564,1,NA,NA
